,0
feature_39*abs(feature_113),0.07658442006507414
feature_63+feature_120/abs(feature_63),5.2731874960010074
feature_44/abs(feature_41),1.983319783974283
feature_43/abs(feature_45),-3.268266448795327
feature_44+feature_45*abs(feature_41),1.7996934371392772
feature_41+feature_43*abs(feature_43),2.8353258180730054
feature_45+feature_63/abs(feature_41),5.5207441008264935
feature_31*abs(feature_113),0.40190403552585685
feature_45+feature_63,0.9843523763665046
feature_63+feature_120*abs(feature_44),2.1916631827590014
feature_120-feature_45,-0.0914259446596638
feature_45*abs(feature_44),2.7372656473208057
feature_42/abs(feature_44),-1.4920234838670967
feature_45+feature_63/abs(feature_43),2.768060865342064
feature_41+feature_42/abs(feature_41),6.47343897225088
feature_44+feature_45/abs(feature_43),-4.220780203107082
feature_44*abs(feature_42),1.0357712551680638
feature_41/abs(feature_45),3.8090199419054045
feature_42/abs(feature_45),0.5606971279529784
feature_45*abs(feature_62),0.48070243930052675
feature_41+feature_43/abs(feature_41),5.896465553901289
feature_41/abs(feature_62),0.9688699653182832
feature_63-feature_121,0.3304376625978356
feature_43/abs(feature_41),5.896530082115425
feature_44+feature_63*abs(feature_63),3.863920218145211
feature_43+feature_45/abs(feature_44),-0.8362314754626141
feature_42*abs(feature_5),1.355242185013372
feature_41/abs(feature_63),0.05228033551297213
feature_45+feature_63*abs(feature_43),1.9632502611181502
feature_41*abs(feature_45),1.036505470660297
feature_41+feature_63*abs(feature_43),1.7040032280186752
feature_41+feature_45*abs(feature_41),4.287861067144904
feature_63+feature_121*abs(feature_63),3.456316180424416
feature_44+feature_45/abs(feature_41),2.2218650104965794
feature_41+feature_42/abs(feature_44),4.535513086730825
feature_43+feature_63/abs(feature_43),3.4643446685854515
feature_41+feature_43/abs(feature_45),0.5407534931100807
feature_62*abs(feature_44),1.0519240435850092
feature_44+feature_45,0.8495616271922526
feature_43+feature_63/abs(feature_63),3.5578033959220092
feature_43/abs(feature_42),-2.4296918185448173
feature_41+feature_63*abs(feature_45),1.7349793670527964
feature_41+feature_45/abs(feature_41),0.23845809860639486
feature_45*abs(feature_42),0.8264925056027368
feature_42-feature_44,-0.05141444017975826
feature_5+feature_39,0.03630700179280063
feature_42+feature_63*abs(feature_45),0.5630435179819825
feature_41+feature_63/abs(feature_41),5.283240823325124
feature_45+feature_62*abs(feature_44),3.789189690905814
feature_42+feature_63/abs(feature_43),3.4606379438634858
feature_41+feature_42,0.8052379692417487
feature_44/abs(feature_62),4.516839748017538
feature_41+feature_45*abs(feature_43),1.4865174051591634
feature_42+feature_45*abs(feature_41),0.6102645859332049
feature_41-feature_45,0.007156941715246204
feature_120-feature_121,0.06635132858566437
feature_63*abs(feature_120),0.7666032048602089
feature_63+feature_37,0.5760988008416142
feature_40,0.05074972651124518
feature_42+feature_45/abs(feature_44),-0.4659814232225863
feature_43+feature_62/abs(feature_41),11.15691850712802
feature_42*abs(feature_45),-0.13543037841051733
feature_45+feature_62/abs(feature_43),2.771180481073383
feature_45+feature_63*abs(feature_44),3.812696732081575
feature_41*abs(feature_44),0.0708573327948963
feature_41+feature_42*abs(feature_41),2.472638639619252
feature_41-feature_42,0.08487082695235539
feature_3+feature_121/abs(feature_44),2.3011304080592705
feature_63+feature_121*abs(feature_45),1.1932322764627634
feature_42+feature_63*abs(feature_43),2.998087345525378
feature_95/abs(feature_113),-4.329059596061841
feature_41+feature_45/abs(feature_44),7.053578631242432
feature_63+feature_37/abs(feature_43),2.3773248051320937
feature_42+feature_45,0.7981471870124947
feature_44-feature_45,-0.026500417566419333
feature_44+feature_45/abs(feature_45),7.286273350459612
feature_41+feature_45/abs(feature_43),2.183655384226251
feature_5+feature_39/abs(feature_44),0.354771665052964
feature_43+feature_45/abs(feature_45),-3.268392993390888
feature_43+feature_62*abs(feature_41),0.4781145653820794
feature_45*abs(feature_41),1.212493000881553
feature_63-feature_44,0.1347907491742529
feature_42-feature_45,-0.0779148577461775
feature_41+feature_45*abs(feature_45),4.364677535368883
feature_43/abs(feature_44),-1.862273536107126
feature_63/abs(feature_62),-0.024203332186689692
feature_43+feature_45*abs(feature_45),3.626955504309695
feature_45+feature_63/abs(feature_45),5.7002988986620045
feature_63-feature_43,0.20074964692259653
feature_44/abs(feature_40),-0.5301805726198259
feature_44+feature_45*abs(feature_43),1.8534082948910262
feature_41/abs(feature_42),0.8932838574023125
feature_45*abs(feature_63),0.5106139393155978
feature_113-feature_31,0.23849064860911406
feature_62,0.5455413826521486
feature_77/abs(feature_62),1.8320016978559537
feature_41/abs(feature_44),6.027536570597922
feature_42+feature_63/abs(feature_41),11.756808852004283
feature_43+feature_62*abs(feature_63),3.8684430022676373
feature_43+feature_62*abs(feature_45),0.98368069288092
feature_41+feature_42/abs(feature_43),2.875452691742668
feature_44+feature_45/abs(feature_63),9.113523626888739
feature_44+feature_45/abs(feature_44),1.0259852960535734
feature_44+feature_63/abs(feature_45),12.986825338312741
feature_40+feature_63/abs(feature_44),4.922116214289047
feature_43+feature_45*abs(feature_63),0.9145426531505569
feature_41+feature_43*abs(feature_41),2.865284966586971
feature_95/abs(feature_62),0.6753031024634842
feature_63/abs(feature_44),4.363313224537896
feature_45+feature_62,0.983131321006995
feature_44+feature_95/abs(feature_63),6.263362840433084
feature_39,0.04002162079212139
feature_43+feature_63*abs(feature_43),3.3134958192700075
feature_42+feature_45*abs(feature_44),4.158092919271168
feature_42/abs(feature_43),-0.0036978250708581163
feature_41+feature_63/abs(feature_63),0.05221401208755075
feature_43+feature_45/abs(feature_41),6.134831496833452
feature_41+feature_42*abs(feature_43),2.5199173443283813
feature_41+feature_45*abs(feature_44),2.8081229801157015
feature_44*abs(feature_41),0.5872004362577243
feature_44+feature_45*abs(feature_44),8.346132810317721
feature_42*abs(feature_43),1.9070007309175432
feature_43+feature_63/abs(feature_41),11.179835433654691
feature_27+feature_39,0.1759653366345385
feature_42/abs(feature_63),4.619211561313545
feature_41*abs(feature_43),0.6129166134108386
feature_41+feature_62*abs(feature_43),1.6963288138299726
feature_62/abs(feature_41),5.26038842501259
feature_45+feature_63*abs(feature_45),4.026645961101083
feature_44*abs(feature_45),2.7165917202114223
feature_41+feature_42*abs(feature_44),1.4916846047452659
feature_121/abs(feature_41),1.1732846776278008
feature_27*abs(feature_113),0.23304186200214932
feature_43+feature_45,0.7839453119212958
feature_42*abs(feature_37),1.6544162591519012
feature_40+feature_63*abs(feature_45),0.7217510097167757
feature_42*abs(feature_41),-0.6020803341430369
feature_42+feature_121/abs(feature_41),7.682775931932132
feature_41+feature_43*abs(feature_44),1.178412535805472
feature_45+feature_62*abs(feature_41),1.8999040945717232
feature_41+feature_45*abs(feature_63),1.1675041128263912
feature_43+feature_45*abs(feature_43),3.0949721218099473
feature_45+feature_39/abs(feature_41),0.6274567411052001
feature_43*abs(feature_121),0.4826772931059462
feature_41+feature_43*abs(feature_45),1.3352889102614078
feature_45-feature_63,-0.10829033160783358
feature_4-feature_44,-0.4073805487755741
feature_63*abs(feature_45),0.6984738963925011
feature_40/abs(feature_42),0.2588111995949758
feature_42-feature_43,0.01415488249005926
feature_63+feature_120/abs(feature_43),5.955159868916677
feature_41+feature_45/abs(feature_63),2.826325376893971
feature_63/abs(feature_41),5.283305351539259
feature_44+feature_63/abs(feature_44),4.363256459946958
feature_44+feature_95/abs(feature_45),0.6887102883850273
feature_43+feature_45/abs(feature_63),6.332539368668931
feature_42+feature_63*abs(feature_41),0.0822687828090838
feature_41+feature_42/abs(feature_63),4.671491896826517
feature_42+feature_121*abs(feature_63),0.3654880817366697
feature_45+feature_62/abs(feature_41),5.497880803008047
feature_42,0.36018357114469624
feature_43+feature_63/abs(feature_45),2.4321589944622493
feature_41*abs(feature_63),0.6566429022155813
feature_5/abs(feature_41),0.1107494977579771
feature_5+feature_39/abs(feature_41),0.4995182557646817
feature_45/abs(feature_41),0.23854522652229615
feature_41+feature_62*abs(feature_45),1.721402723940106
feature_3+feature_121/abs(feature_63),5.560635662367672
feature_42+feature_45*abs(feature_43),2.7799995477193726
feature_42+feature_45/abs(feature_41),6.712448386224931
feature_44/abs(feature_42),-0.2620053502954763
feature_5*abs(feature_37),-0.00981073590513552
feature_3*abs(feature_63),0.08483709981050024
feature_121,0.2687757036832287
feature_39*abs(feature_95),0.05859339287305671
feature_42+feature_45/abs(feature_43),-0.6997383795497886
feature_44+feature_63,0.9578519588000863
feature_42+feature_45*abs(feature_45),3.1927416862980715
feature_45/abs(feature_42),-0.5979691030576518
feature_41*abs(feature_42),0.6794160495741782
feature_45+feature_39*abs(feature_63),0.5869598108413266
feature_41*abs(feature_62),0.6212417297336588
feature_41+feature_43/abs(feature_43),2.8791594164646392
feature_45/abs(feature_44),1.0260420606445093
feature_5+feature_39/abs(feature_43),0.02135651151166517
feature_45+feature_39*abs(feature_41),1.2564015224034193
feature_45+feature_62*abs(feature_63),3.97271162632016
feature_41+feature_45,0.8832189864739183
feature_41+feature_43,0.7910830867516896
feature_37/abs(feature_121),-0.1056920710355463
feature_43-feature_45,-0.09211673283737709
feature_42*abs(feature_44),1.4208272719503683
feature_43-feature_62,-0.1995126939975112
feature_41+feature_42/abs(feature_45),4.3697170698583765
feature_62*abs(feature_43),1.0834122004191333
feature_43+feature_45*abs(feature_41),1.0030374487938776
feature_41+feature_39*abs(feature_63),0.7329596127648372
feature_44+feature_63/abs(feature_41),7.265518658278476
feature_63-feature_41,0.10172393748018203
feature_77*abs(feature_63),-1.0433271677016143
